Date,AAPL,ALGT,BBY,C,DAL,JNJ,JPM,META,TGT,UNH
2019-01-03,-0.09960737025028879,-0.023678882461498692,-0.02052236017603974,-0.018120631947053455,-0.0894390003711124,-0.015890401403498042,-0.022152824512397862,-0.029038822194161804,-0.013696622948078779,-0.02727011064047495
2019-01-04,0.04268930277240141,0.06566100771642211,0.004761904761904762,0.04889649215515802,0.04779654189877411,0.01678333272243156,0.036865428983151226,0.04713823588993519,0.01373419109788305,0.011695119030147914
2019-01-07,-0.0022258319390364733,0.011656972697932998,0.05706157955513181,0.008706684798414393,0.0012554416707336016,-0.006414767136653597,0.0006952000509181945,0.0007249445866471932,0.048923678835912664,0.0019197342594144476
2019-01-08,0.01906312082634501,0.017192546036088188,0.029411823057971156,-0.002697383999866098,-0.007941426656961842,0.023226553247928886,-0.0018856931061728358,0.03245197847521538,-0.0010045880384277096,0.013370507458330533
2019-01-09,0.01698174168221393,0.04926724410817401,0.007491294316114517,0.016588568316441867,0.02106593583915623,-0.007925623152311144,-0.0016903467183172454,0.011927292238840037,0.009768715690467323,0.0014386374827343746
2019-01-10,0.003196174424155128,0.03041729997091665,-0.01660043003239887,0.0010641638428006454,0.005364108004646579,0.006049903687246999,-9.962286930733382e-05,-0.00020799265191371753,-0.02845354920970263,0.005048414589641973
2019-01-11,-0.009818008684413624,0.008897386294839108,-0.006330237684420359,0.004429482744205685,-0.003488573169346492,0.0003083284562696492,-0.0047813101948136535,-0.00277388283598886,0.01932932606717956,0.011434651478707362
2019-01-14,-0.015037056846080603,-0.006923299716543443,0.013625915424426092,0.03951317221255744,-0.01668042319571541,-0.011329489176902697,0.010309265754611312,0.011056997942610189,-0.01106169035640594,0.0015746735274023936
2019-01-15,0.020466715494791666,-0.00871437829678149,-0.010649452223313234,0.041574762434275284,0.0016754310168520942,0.008419097609384987,0.007331066434232414,0.024485848913534124,-0.009151616602733725,0.03551559157180415
2019-01-16,0.012216600429283636,0.001339551485636758,-0.005999582651776759,0.013196440933503265,-0.006899473519158983,-0.010204138203390833,0.008064513103492571,-0.009466288627043943,-0.005277827520650314,0.017868947036015662
2019-01-17,0.005937770455975233,0.020150532548968626,0.026451230522561365,0.004502373374774233,0.015157920435855263,0.00820058658868683,0.004097543111661586,0.005151211876166141,0.022402421615981136,-0.006463713365861607
2019-01-18,0.006159416849145245,0.00557331606646909,0.015392587242232487,0.010404957555310972,-0.0022812237156131393,0.01239450111476988,0.016226177600625058,0.01173290761004051,0.01888420796780631,0.02205801758734551
2019-01-22,-0.022446142762788408,-0.025918984773795825,-0.01601087789758782,-0.020120413169432694,-0.02099360056988135,-0.014461698326892316,-0.015775828991846125,-0.016462183900553044,-0.00565933112835053,0.000715640080626177
2019-01-23,0.004044325537150672,-0.00393273543889127,-0.007962594440499737,0.004527123700921312,0.00424630083691707,0.0,-0.0025257638436375863,-0.022159003253801927,0.0005691650003148156,0.005005783281435035
2019-01-24,-0.00792620345125024,0.02024526221589174,0.005060148209405375,0.009335232679644577,0.00465118867339747,-0.013742268870519108,0.0005843159175636047,0.010602901919191866,0.004124017587967777,-0.0033330243707477883
2019-01-25,0.03313685435310677,0.0027171827035559577,0.030208363273630228,0.020889771610889923,0.003577402510684082,0.009446563487157656,0.006326664778996694,0.02180616221527103,0.02520887641850443,0.007214454871414045
2019-01-28,-0.009254510052704532,0.018640206070086183,0.0026963236771264413,-0.0026553917191391154,0.00670999589094141,0.00592692654564113,0.004739315859001645,-0.010334832178402397,-0.003729750591834029,-0.004775224165596664
2019-01-29,-0.010364749483978614,0.0076581775483376404,-0.012100860852153362,-0.010023483241081585,0.004374149271230706,0.010388373368676531,0.002791691597949112,-0.02224180343219798,-0.005823707464566743,0.002136699582761303
2019-01-30,0.06833467691179772,0.00591998291015625,0.0034025309134558227,0.015978518444221473,0.04251346298557092,0.010051389090686005,0.00230397904754511,0.043206849449015816,0.00878667935324013,0.0113338775372289
2019-01-31,0.0072012250614599095,0.03387945131704139,0.004408310244971737,0.0037371201994334624,-0.016709770140019193,0.010938942935907406,-0.008715675032962548,0.10816383772447041,0.009263074132228911,-0.0006287047868702059
2019-02-01,0.00048066468325636707,0.04500004695012019,-0.01299798170065819,-0.012255676803409107,0.009912965016069884,0.008415953575123451,0.0036714710475166065,-0.0058791511979462835,-0.025068518233625856,-0.005477464542799942
2019-02-04,0.02840497001068903,0.023408115810890317,0.01265602613853738,0.006125324342142946,0.008413501583496788,-0.009836006672479863,0.0035618286134471095,0.021362580065821538,0.01784465793361644,-0.001897922608321673
2019-02-05,0.017109446281934306,-0.023376249935520833,0.005235625368761591,-0.003902531920549488,0.003972998854454144,0.0,-0.004412461241943945,0.01128510287804653,0.004555414005225566,-0.007083978811440366
2019-02-06,0.00034454483813488497,-0.005081767915816615,-0.001008087581141629,0.0012536908734640255,-0.00039573520778325033,0.0009030336602811255,-0.0004817713779433243,-0.003914455215062803,-0.0035728255988687068,0.011978530549550184
2019-02-07,-0.01893941085698187,0.007624537769033727,-0.010090791849301877,-0.016904022956250098,-0.0021773675644268155,-0.0071428341973096806,-0.013109703473654429,-0.024106988550225347,-0.008964301568460793,-0.0018552875695732839
2019-02-08,-0.003100495915100649,-0.002644729821225994,0.0015290545642988411,-0.012736873654933582,0.0011902672777749652,0.0026504417768879675,-0.009962850853977275,0.005709802382271265,-0.013637675321595008,-0.026394074734258827
2019-02-11,-0.005750900564918128,0.010680703194623636,-0.008481764097182825,-0.0064505357524375214,0.0027739129435766455,-0.0030211020764631326,-0.004735628986219369,-0.009203421550647862,-0.010299037187164404,-0.01817479709422311
2019-02-12,0.008617168016179018,-0.009328867979397689,0.02412317928156688,0.017204959391213703,-0.014226461411183207,0.016363664106889206,0.017049972913682338,-0.004523795345751621,0.0037063739212400706,0.024733549775432222
2019-02-13,-0.004154758712640008,0.01633194541544814,-0.006181071301572655,0.005903985278323778,0.010422939749956494,0.002161547989095016,0.004775807710105609,-0.005877278243900437,0.030677402646937083,0.0011384735976043643
2019-02-14,0.003643262443651508,0.011509313549959918,0.0013447304437777185,-0.009835068806753756,0.0013886073206923906,-0.0010412747699974408,-0.006499157946900182,-0.0007314583447260412,-0.005374113149903358,0.005799844010977074
2019-02-15,-0.0022248529041146827,-0.003792749094480335,0.010240064016729595,0.029637912982853783,0.01188594085299745,0.015412161133542525,0.030560485635329235,-0.008844141355488656,0.009143752146361763,0.021859641216870805
2019-02-19,0.0029925743006425577,0.01565974118701119,0.002658688045874745,0.0017115390710609228,0.014487036751037094,-0.0050594105932108575,-0.0035054735754066783,-0.0012923490084134615,0.006315303912610121,-0.0026555571413585267
2019-02-20,0.0064354188887266175,-0.03508032205444881,-0.00033146267340229837,0.0040385546337789735,-0.011192551520129632,0.0048640552010777525,0.004848850872320944,0.0016637148538474218,-0.008049167022115252,-0.0033282566632000855
2019-02-21,-0.005638558551334831,0.004324647279589168,-0.009118024533208672,-0.004950490375089082,0.004683798905306993,-0.006820739955554232,-0.0020815707788926587,-0.015501995019116664,-0.00935222546744601,-0.011539518965715595
2019-02-22,0.01116569443101468,0.027441208506746795,0.011209606220745558,-0.002798512220612864,0.0007770185680465156,0.0087136903745795,-0.004456255003919224,0.011559648719854857,0.0030542999365752947,0.0026651331506937193
2019-02-25,0.007284468393037892,0.0009234613150999582,0.0018199969035563848,0.006080439559707566,-0.0021351049956170225,-0.002928324578333548,0.010476175944010417,0.01686327591470498,0.011764684762921713,-0.00939680051550043
2019-02-26,0.0005739890143372017,0.0024837899058310427,-0.003963631160917289,-0.006353572609184405,-0.005640943714998706,-0.0006607660786132382,-0.007634284356670532,-0.002976492825347202,-0.011080678187435336,-0.006122430384804045
2019-02-27,0.0030975350224347873,-0.06066821746205691,0.14110426343485302,0.004366793002232062,-0.013497626000117455,-0.0017633200506047854,-0.0012346590586722825,-0.00804244979558262,0.010098156291242555,-0.049053192700429564
2019-02-28,-0.009835885336134893,-0.004446426460434786,0.00029056441666782144,-0.006521769777812845,-0.016855016239884016,0.005667213513894741,-0.007607484061414737,-0.008353299126253665,-0.005204016309059243,-0.031429944628925205
2019-03-01,0.010511160198520246,-0.006283132420177824,-0.014962214324377401,0.007658669615077487,-0.01250509729093413,0.012514686193688127,0.0006707521503911856,0.005140921937092203,0.004129997993922952,0.016224889175028803
2019-03-04,0.005029461488672462,-0.007998804125719771,-0.011060315985882975,-0.011168003832329887,-0.0034721848881575307,0.0009395707863299785,-0.0022981697124215793,0.031365518709505866,-0.0037017310587264623,-0.04115372689500651
2019-03-05,-0.0018197743139705944,-0.002227066059002369,-0.0037280049075689606,-0.012862740310968138,0.019061288947010657,0.0020942269921243356,-0.0007678455627225698,0.023241916132726033,0.04582361242548821,0.0229217367400563
2019-03-06,-0.005753970910156826,-0.0023858814443813406,0.007184603719115853,-0.006674113802730021,-0.00020116926759655663,0.0023059166648248803,-0.0037460319600618676,0.007298844097242485,0.011842125340511924,-0.009775029711125195
2019-03-07,-0.011574628827691886,-0.02013572812278982,0.005201344469596087,-0.009758387650510743,-0.0024139797645308814,-0.006111085391516468,-0.007231006471009331,-0.01959300754536573,-0.009492891319227453,-0.009913457578818884
2019-03-08,0.002376832823822464,-0.001495964398161761,-0.003991671281826272,0.002584811687689818,0.0,-0.0013021406786562508,0.0003884715456262535,0.0027789345895707944,-0.004726278311745261,0.0024925912357305017
2019-03-11,0.03464224225036909,0.01111808891427074,0.02003856937930116,0.0040283595628084114,0.030852969844506663,0.0036216138551487084,0.013008409961184965,0.014563685918711324,0.006067789200456334,0.024695523520392886
2019-03-12,0.011235381968699438,-0.011775673065172274,0.0016007073398948493,0.008024393981386163,-0.00880283200981792,0.004474560682099599,-0.00297074808937951,-0.0008717914156346049,-0.0011799703927062705,0.011227682726121579
2019-03-13,0.004422105110627273,0.00765468127650751,-0.006973751912890783,0.013373668750548504,0.006907485720669893,0.0016526153070286034,0.0033640760384581908,0.008434137759920631,0.012339228637970809,0.025906926104965176
2019-03-14,0.011116553514043316,-0.0025843983455644233,0.00731528911722378,0.007227008223803878,-0.0015680484189904331,-0.00997058570500726,0.009100459371555389,-0.01845761687931747,-0.00816915016046757,0.004043624469617195
2019-03-15,0.013008215562104884,-0.01154209495648861,0.011328958556042032,0.016846074259439396,0.004907734722020966,-0.003043023880192087,0.011486678905759084,-0.0246224509989499,0.002222588614038505,-0.007383465647060426
2019-03-18,0.010208517113258717,0.0017475670964314505,0.008760600810186288,0.011351401074645646,-0.008790720068654119,-0.0031250575254104292,0.006006563785245045,-0.033196738454438525,0.015914342982370586,0.014319833694975949
2019-03-19,-0.007924717898659795,0.0011101370943689128,-0.004982894145297609,-0.004550326867422462,0.004335778453456823,0.00925861550932397,-0.003638393327415256,0.006854901820575964,0.007447378678858808,0.008352960324754901
2019-03-20,0.008738566951587926,-0.004752463161355198,-0.011160377537682484,-0.02026503515647932,-0.021389328339293672,-0.008306913717082393,-0.021348374003196058,0.023952435116386863,-0.011725696911553769,-0.025784641064484626
2019-03-21,0.036830317500555904,0.011301218875455798,0.020981000368056738,-0.006065368364473839,0.008622424591648773,0.005900013526074148,-0.015786394464966064,0.0038684682072288143,0.02514827089525739,0.006067881327189371
2019-03-22,-0.020708356973545956,-0.038718802083586634,-0.006377507990536782,-0.04584572542906093,-0.01073560484528748,-0.008616961541002829,-0.030232337195644682,-0.010476911572617199,-0.014718809918078786,-0.019561970680868807
2019-03-25,-0.012091062662626302,-0.0014736005151636947,0.01112535690353011,-0.010659195081355082,-0.014670409301851347,-0.002191242741459659,-0.00831998609945148,0.011865626090394354,0.0026812957774632632,-0.0009308176411340747
2019-03-26,-0.010331737576970014,0.016725431623436558,-0.005501472605533501,0.01475218568931508,0.001223768606666812,0.014347461423835679,0.01000705408587507,0.008358887760953154,0.014007366499680757,-0.014056555181575324
2019-03-27,0.00899410029956372,0.019111322283374817,0.0,-0.00800394754486039,0.017926279596249768,0.0009380790730514625,-0.0034026855896830306,-0.010794356140589073,0.0023860661554662367,-0.006902472081820061
2019-03-28,0.0013264710478101164,0.0031650699048269533,0.008510616654199912,0.020582908108383133,0.0070041718145102926,0.001297822195608879,0.011347632382404431,-0.0019291739003405193,0.006264094235926458,0.0021512928684306832
2019-03-29,0.0065175695187740836,0.02121787716758936,-0.0005626007930492888,0.003872243953523225,0.0264308791558178,0.0065523356230305745,0.0051633827543258425,0.006886133304944889,-0.0007469815590352425,0.020765383594171512
2019-04-01,0.0067913059523416475,0.00324398057453754,0.014494776452075891,0.034394075018699496,0.010261350699695962,-0.0057943887080371004,0.03368562599658633,0.012058278705361932,-0.0036132682258730384,-0.006956245486188315
2019-04-02,0.01453670100106877,0.026099002275602468,-0.008877783633789044,0.0009322181172276136,0.060367985961212324,-0.00913792669962088,0.0047782874896448325,0.032602253109034855,-0.006377418137370696,-0.004602059358642391
2019-04-03,0.006854972692336277,0.007653093350863539,0.015255479549911619,0.009934793664073084,0.030182507024751337,-0.003921345716320388,0.001997328188051442,-0.0037887696536841697,-0.0018877614851145672,0.005850794379751242
2019-04-04,0.0017404470297813124,0.012285881302984667,0.02798454306143177,0.011681558019518867,0.0038596705386513158,-0.011664291507505418,0.0019933468202587767,0.01429071731170971,0.026100110434310826,0.006304926272564034
2019-04-05,0.006694248772294799,0.007649934301343301,0.00268200280354928,-0.00410204564445839,0.008912937970170428,0.0044994122490803305,-0.0023683213886134392,-0.0017043690744004217,-0.005406670273551022,0.005618656344548257
2019-04-08,0.015736071591449872,0.006788762964373029,0.0006687582453228503,0.007932824086305848,-0.0003464482577908072,-0.0002936796026126168,0.0032286010366297884,-0.004495837351660552,0.012231255669731496,-0.00012058356557629928
2019-04-09,-0.002998531160489971,-0.029364871704803498,-0.0009355746472832594,-0.013167893909498313,-0.013169265874025752,-0.004186808197334453,-0.007382856299399246,0.015148969680602557,-0.015500996440081504,0.00016077702967964825
2019-04-10,0.005614010612468671,0.02151344578963638,-0.0034782894478992475,0.004907971009235546,0.01597892599159186,7.372210884399681e-05,0.004481678068077594,0.0013515344672222602,0.0011157492413170003,-0.011093671696279497
2019-04-11,-0.008324186071133248,-0.0026325455967207497,-0.0068464830374762135,0.005952488385608623,0.009160020285275532,-0.0027289800279583147,0.008448899278372527,-0.0017434079665600674,-0.0037152080713041794,-0.043124824870927
2019-04-12,-0.00040212029294727945,-0.01627686216465821,-0.005542087638617935,0.022909944210851404,-0.005822917556806259,0.005694763519251454,0.0468793708949273,0.00895730745244576,0.003480502415326994,-0.0518222625228595
2019-04-15,0.0018102309005409592,-0.009242047477727933,-0.004485548897968851,-0.0005933093535112077,-0.010335891162907026,0.003971235195534801,-0.011419806254127786,0.003070841843806917,0.015483710492037806,0.031269580187116695
2019-04-16,0.00010040793499938002,0.01188596944339222,-0.0010922201528316524,0.028643520092721267,0.011488247844164872,0.010987400769533837,0.010551173430554329,-0.004341769027536488,-0.00012200702391923973,-0.04013896766667858
2019-04-17,0.01947304834535759,-0.006393581484443941,0.0032804517735942874,0.01500506351407877,0.005506792143574937,0.0036226632699776313,0.028802921886467055,-0.0005031382587765125,0.008661694203968513,-0.01864595515382918
2019-04-18,0.0035937365725964687,-0.01870557511537426,0.0032697255964622063,-0.0096659604822298,-0.00444980549157104,-0.007219173903814334,-0.007349115878017799,-0.0027967334344668375,0.007015019701425658,0.022643440993507343
2019-04-22,0.0032865602224043723,-0.006099792834151208,-0.014122771919435085,-0.008324987028824372,-0.007220185356126297,0.002254199745220838,0.0012339096666500577,0.01772494774369685,-0.014893171527129663,0.02417136690124718
2019-04-23,0.014423297148822917,0.01365553276524831,0.014049645921473772,0.0015921351307299969,0.008484877549208604,0.015018443284699243,0.0012323890099376223,0.012896805039706154,0.0017069864029896215,0.015278945054720607
2019-04-24,-0.0015422791209707674,0.007568303663402651,0.014534089308681747,-0.005346750484168895,-0.00669648339810917,-0.005003552385857381,-0.0016704309440842644,-0.006529529634415087,0.008763310117044712,-0.0009974660669296886
2019-04-25,-0.009075134435114719,0.05145339587988641,-0.012049825899857893,-0.001452832652344584,-0.019706126529258433,0.0032327367680152095,0.0005283800702885248,0.05849486564067232,-0.01375481934637038,0.0019100810547383457
2019-04-26,-0.004773946479767312,0.0070724783782036725,-0.013416422977184296,0.011348737686598519,0.007053456750776561,0.005299001256760469,0.0075697615151073564,-0.009158589796033898,-0.056520617053199954,0.026907608191521708
2019-04-29,0.0015173644344744063,0.022770741486002763,0.008104344960963282,0.021867308248493686,0.010856223520550738,-0.0039176797075929515,0.014414270186803194,0.017181018286880047,0.008817431029019497,0.0018987213005999472
2019-04-30,-0.019256157712981888,0.01872667737681739,0.013898409605448338,-0.004645950115810408,0.009700352983396585,0.009725405076995564,-0.0006028220217750484,-0.007084941428591797,-0.004884381335559782,-0.01844594516873445
2019-05-01,0.049085594226312014,-0.008986977671139863,-0.007794675480576984,-0.010466731198181894,-0.01904272761910147,0.005311614845678202,-0.007669102681983572,-0.0019131082154301236,-0.022603978834785862,-0.0048054676310990965
2019-05-02,-0.006507744386150859,0.006663927156996967,0.018285228777459566,0.005717574772920273,0.008394535496231535,-0.004719959023243989,0.0021708926020315546,-0.0025902709587211927,0.009911457884874077,0.0021556370190923997
2019-05-03,0.012431298969114284,0.004981885850136259,-0.0019952317806598806,0.0044058777132549125,0.002428015782499537,0.00516701397116685,0.006151971769720672,0.015270360255787808,-0.006281022494634365,-0.00215100024333978
2019-05-06,-0.015442759256013872,-0.0011544083613110622,-0.0009329560970689215,-0.0036789941074342283,-0.0012110674004877137,0.0005633535254508897,-0.008870189324222387,-0.008134221762731647,0.0005267436692302931,0.036861406183444266
2019-05-07,-0.026956999387760108,-0.016452500028527887,-0.022278524404241072,-0.031955686450430065,-0.009700352983396585,-0.014920087070353232,-0.016335018796060426,-0.02119868220983274,-0.012371708342659209,-0.010187097497888514
2019-05-08,0.00019714722474851318,-0.017557152956942833,0.002592474267059202,0.0008802458240932148,-0.012593972871542986,-0.0012860465314026683,-0.005299871733709665,-0.0012120513313468042,0.004930740166148771,0.004620839448119637
2019-05-09,-0.01074417319545825,0.0016182067096155812,-0.016194915446937866,-0.008648548178361866,0.00248006001339773,-0.007582785674966492,-0.0007992537678477086,-0.004695575715806211,-0.003978292496868721,-0.00493411125192003
2019-05-10,-0.01763655103324473,0.006462476573482227,-0.01341819350419701,0.003992374440726326,0.0005301074256226723,0.002306691660592518,-8.882427243258695e-05,-0.00164324181618501,-0.006257505217465676,0.011009770575063405
2019-05-13,-0.05811944355795539,-0.0217755104953164,-0.05916995567527149,-0.051841004320439504,-0.03214411390246974,-0.013304610305021046,-0.02719762803206719,-0.03610493354559854,-0.03965700842279439,-0.004322678839365456
2019-05-14,0.015830295186744343,0.030964584935038016,0.007749691271028732,0.013668917681815839,0.008211692868694847,-0.0027696037352448787,0.007948860400548452,-0.0044618133113901726,-0.005859349430206207,-0.013024463937503873
2019-05-15,0.011979192531362367,6.916613727292387e-05,0.0035492140494132463,-0.005976086069294213,-0.0036199233111213237,0.0006577717663569704,-0.00380709001184866,0.0306535089685597,-0.0063149672206917395,-0.0014803149159104715
2019-05-16,-0.004399729446609942,-0.0017299841499071812,0.012967834445962728,0.017111154052017484,0.005994583753463977,0.00949531091216818,0.012829809036743483,0.0038653632049632882,-0.00042365174878097764,0.0030074188816137603
2019-05-17,-0.005681827760158618,-0.00492161016299277,0.002764074008014971,-0.013792113001063467,-0.00884798968970972,0.002894102286764754,-0.004851324475531378,-0.00903792925696252,0.001554119980908189,0.01938431406234806
2019-05-20,-0.03126986064608135,-0.01107625429528791,-0.0013057299707918046,-0.0016904965555165376,-0.011113146604745654,-0.0013707700784185725,0.005236091438402986,-0.013923377164403197,0.01678660532729554,0.019098519003633588
2019-05-21,0.0191709532788854,0.03043105002197562,0.01612435603429282,0.01724142183446774,0.010132701992019776,-0.002167338937482507,0.003412706672832305,0.011493028072931533,-0.0016648549324859991,0.016057550550979422
2019-05-22,-0.02047163558022402,-0.0224227427308476,-0.011150805051128398,-0.021489075811102293,-0.0140434147738357,0.004633647641714959,-0.008144666918180157,0.002705334813253631,0.077820991458704,-0.0024006005347474747
2019-05-23,-0.01706967468007717,-0.0020279250778518355,-0.04843138011857163,-0.011753821422621236,-0.0011099032883239994,0.0074228799370998294,-0.019671542241283698,-0.02401258380724063,0.023723620747861683,-0.011390055264306783
2019-05-24,-0.0038406012876630747,-0.005255412828224065,0.0018231957936558258,0.007668197997946631,0.0022222024423104746,-0.006724280905380331,0.009849039956145026,0.0010504917705291333,0.027329951224724387,0.004584198307555781
2019-05-28,-0.004134801855711555,0.0033812038943231097,-0.008189276547376294,-0.009318193505334178,-0.004434550415856284,-0.012819580130013448,-0.010846800212713446,0.017949851120197053,-0.009807564726625521,-0.022493265009846764
2019-05-29,-0.004769067301252406,0.0036506898592257825,-0.013149856120588294,-0.0012541437514733437,-0.012435077400899825,-0.0418764513493235,-0.002764425282374432,-0.011502333814059844,-0.013990309525597483,0.0014045953124011104
2019-05-30,0.005186594563198465,-0.003777339952163656,0.007282324357545056,-0.0015695883779327394,-0.003382828571186869,0.005939227658736194,-0.010718939650940047,0.0045007522610545185,0.009417378274082264,0.004537979089163578
2019-05-31,-0.01811551134186713,-0.016219615140378826,-0.03599452223338811,-0.022952351367138073,-0.02885157108270937,-0.007266722499674,-0.010274598348641532,-0.03027153408239613,0.0007463311238869806,-0.006981506974300565
2019-06-03,-0.010110265598966932,-0.007636908996913501,0.008776177881402173,0.007401433196765333,0.011650455808176578,0.002211273796556761,0.0047187618376760615,-0.07505497961683046,0.031075203167607136,-0.021670824760256217
2019-06-04,0.03658393667769943,0.027977557375474985,0.011388759761207921,0.052228024455980675,0.042418482992233976,0.017422346649404948,0.030809682580349256,0.020408201206685347,0.034960839452331784,0.01775446817546524
2019-06-05,0.016143363985401372,0.00818591959483552,-0.011260516444632865,-0.0015178882557695561,0.011600022785633615,0.004860608509984278,0.0035538490727198666,0.003999989068330224,-0.004193367696565333,0.00834860363634013
2019-06-06,0.014681757604589039,-0.012074985561861203,-0.014552387944929336,0.010489547798888322,-0.004550418752257903,0.017115550747110617,0.0021792926464148598,0.0009514399943599552,0.002456417004563447,-0.003913156203498704
2019-06-07,0.026616956285983415,-7.020586395818517e-05,0.022792969518976466,-0.011734598540280035,0.006948273498943791,0.013681668687328775,-0.010963115469435175,0.02982239777730943,0.01341892143325793,0.020469757664036078
2019-06-10,0.012779426834445143,0.0002809503647209523,0.023069698564687255,0.021768918435515417,-0.006173963219030955,0.0033922858921016964,0.010809752988226019,0.00847996059385955,0.008059926193842142,0.005551708447007507
2019-06-11,0.011579580986271765,0.0018962305893553254,0.005062036958147992,0.011322921271403536,0.0027407551093280537,0.005466799622207234,0.003081420867950485,0.018762147591115445,0.003426560958380892,-0.009148078818588224
2019-06-12,-0.003182563138224062,0.008621868049662406,-0.016330887509858418,-0.015763107515010116,0.010386291613164404,0.013592745121455727,-0.012739462036696781,-0.01718143016572535,0.004667087868307182,-0.005572030521798838
2019-06-13,-0.0002060278305725185,0.014455499616913088,0.02156709783500383,0.004041375278065804,0.01929665789183115,-0.006846315725987977,0.0024709827103126416,0.013882586995978963,0.00045321679763390233,0.0018814180526265337
2019-06-14,-0.007262366457101621,-0.02726584705251461,0.002885820959514611,0.005963051803223499,-0.009377189932843916,-0.0044062991002292344,0.0025561327091169037,0.021750158245343307,-0.005775788432663208,0.0016736952648732234
2019-06-17,0.005966555275029096,-0.0027466678960528213,0.009086755796052172,-0.013930088835860504,-0.005715368814581668,-0.004639830919237228,-0.0054634718246987166,0.04235367891815666,-0.007404049653722478,0.0024453116332706654
2019-06-18,0.023518477347714114,0.005579048390402567,0.030316739542673714,0.021641154517480932,0.006466689818437672,0.0056654709717519815,0.013642170363637532,-0.0028569562553650172,-0.007688755722264822,-0.0010977122052321696
2019-06-19,-0.002922659813423721,0.0021069109701788674,-0.015003623545566822,-0.005737084433420967,0.005889734753601734,0.0015688599258790398,-0.007226044882837349,-0.00525285449542042,-0.0035850301170058116,0.018274340858497863
2019-06-20,0.008035637721312982,-0.02228612993314749,0.01138711345446266,0.007545526910238402,-0.006919790373047066,0.012531219678656088,0.0025475277041902456,0.010934516206929304,0.000580262537584684,-0.009712650029408802
2019-06-21,-0.0034092445186057235,-0.03153891527297549,-0.012428695448266814,-0.0019089171267363456,0.00035734245716388815,-0.0008438954385117827,-0.006806425114645169,0.008494700684435552,0.016123412648299067,0.01824347906310688
2019-06-24,-0.001006122092113713,-0.0020723764194507943,-0.001036418328033009,-0.008238892872392345,0.0014287911048266378,0.006826667926688223,-0.00712718166937618,0.007638415394628577,-0.010045630921762387,-0.010464560815056919
2019-06-25,-0.0151575912935923,-0.002373413334368467,-0.016007141122198316,-0.012906137061539025,-0.002675254622709634,0.008248343035844182,-0.008282730494631338,-0.019522376149895493,-0.011762041721667163,-0.007931404151498187
2019-06-26,0.021629061559150606,0.02148538776054715,0.02635939171695279,0.010219421337836213,0.008226089310306531,-0.016569601349340674,0.00668152567214037,-0.006248637463802393,-0.00128355442553862,-0.0169183654181109
2019-06-27,-0.00030028807646318074,0.021033475385928552,0.004842997270481633,0.013835172393441581,0.007804161375899977,-0.008177677914675996,0.00331851926453708,0.009804946722710421,0.003271485228086727,0.011787879832414664
2019-06-28,-0.00911188181719079,0.0228812236616201,0.0184022508217728,0.027586165976886574,-0.0012319552129563824,-0.01002206011544143,0.02719594646693971,0.018469656992084433,0.008617652732041937,-0.009458479604175831
2019-07-01,0.018340768575158903,-0.002926816508329704,0.03872073452257641,0.010138499169623788,0.018326007322067732,0.0005743956903780451,0.016815717371202788,0.0,0.0038102046960988697,-0.005614504110605681
2019-07-02,0.00585459021540292,-0.011532073903813108,-0.010907095294750275,-0.004240817520817711,0.012978023673962008,0.00480767914761006,0.001055618809464127,0.010362694300518135,0.0011502009582814118,0.00548137913946693
2019-07-03,0.008286923346203665,0.012373613028544499,0.004606390757484719,0.005820499978771134,0.010420235750111919,0.015068204161575137,-0.00861162856461326,0.011282035632011219,0.009880521614265565,0.005082614612287162
2019-07-05,-0.0008806219428862513,0.010825556160403366,-0.0011115996901174695,0.007762922563205254,-0.007607789540674346,-0.011045392374920924,0.00593864714374795,-0.00405681067007209,0.008418633116310768,0.0072590788734569695
2019-07-08,-0.020613972203645477,0.01084783645799563,0.0015301239572329398,-0.00378157236261507,0.01141393799381889,0.002845513805528985,-0.005462993469536638,-0.003258652798053339,0.0030460771019868616,0.003441397731982672
2019-07-09,0.006099396033615107,-0.015037572811696221,-0.0019444359673394097,0.0060452737491863,-0.006905842256835854,0.0031212487592830523,0.004252642118001524,0.017623683611774802,-0.012484541273555357,-0.007424129943022114
2019-07-10,0.009888641324066144,0.01040943744945063,0.0009741120822386295,-0.006008948013500063,0.00864996852357109,-0.0014143055163202461,-0.00291135276133268,0.017669739947992508,-0.022209618563306853,0.006016242794874237
2019-07-11,-0.007282368541321151,-0.007554986657992074,0.025302372961247703,0.006748254962297618,0.011602465319418508,-0.007789859437826948,0.009555847311387651,-0.0073990037567797295,0.0072219307816170425,0.05527722713245558
2019-07-12,0.007682790838948265,0.028858118816230537,0.013830462956832627,0.0022342693946537347,0.024767315196908068,-0.04146740085136005,0.010517130531854393,0.018088751512855546,0.012258558385910598,0.018149755582434562
2019-07-15,0.009395000656360591,-0.002959591355521784,0.009763319375530407,-0.0008359699233669432,0.0008110176127012524,0.0030528939150609243,-0.012142250553544651,-0.004685856777265022,-0.00833994901998931,0.00022563956363649717
2019-07-16,-0.003459902980546067,0.002158856732391426,-0.009536440009312913,-0.005438563584264275,0.02366286979609918,-0.016405661077290162,0.010711160705524064,-0.0003433246185153141,0.017396249467129,-0.004887907334695203
2019-07-17,-0.005623442036598411,-0.004712197467934716,-0.007354846634679934,-0.007010656227418431,-0.014407850690477722,-0.004830184072818396,-0.0098158865171331,-0.010007816536413517,-0.005095651236357629,0.00751904408236771
2019-07-18,0.01135971226584494,-0.0034495079105233317,-0.00525403477577156,0.013696713144352304,0.00658634293031501,0.0015926491194836313,0.005965438353533928,-0.005054530510583422,0.007284308959736491,-0.022688872797489743
2019-07-19,-0.01492758567320966,-0.023415209949716624,0.011782269633396415,-0.012118717585833876,-0.027928503100248185,-0.01332633957764802,-0.009854340904001098,-0.012052984279601693,-0.005536699025644421,-0.015157375727237032
2019-07-22,0.022854064694736092,0.010216145854045212,0.013251209689484353,0.0026791095080632545,0.0062387304066194235,-0.01281557977310528,0.00642941449403521,0.0199637361447988,-0.00897626288321756,-0.005182102489361654
2019-07-23,0.007817754597260605,0.015822805738169635,0.010700201065293308,0.012375154631764503,0.029368562737360493,0.0015547026522940196,0.01829005013287512,0.00019767341184761365,0.015134139834326151,-0.0012142127858751858
2019-07-24,-0.0008140115491587427,0.007517273349739166,0.01764473188377833,0.014168694300993665,0.0011095212340294697,0.007295890004071695,0.0040391991942058565,0.011365897632044965,0.006211829869846184,-0.0152150492435677
2019-07-25,-0.007907192749139202,0.021778518124132097,-0.010146428324357248,-0.022188778238346626,-0.014724514050388913,0.010325137544263775,-0.0095866021486642,-0.01930028768475727,-0.012571502561743376,-0.009676294697259506
2019-07-26,0.0034779306629494837,0.004078747440180194,0.00882315178238476,0.010785884284131094,-0.0011248544968525836,-0.0029743700745250828,0.004407589147573564,-0.004783053568603464,-0.010344477088573827,0.01704867529228987
2019-07-29,0.00933853437623513,-0.0030793500993725733,-0.0019292800756129421,-0.005543258115006773,0.004826242564301368,0.01751708574744083,-0.003183640876748846,-0.01907383008056946,0.0019527429715975493,0.0034791052198884747
2019-07-30,-0.004292225905768678,-0.005914886524792824,-0.007731939251534752,-0.0006968095076542196,0.002721773713327512,-0.007066624652040086,-0.002244299867544226,0.005613916663369967,-0.004012450877520278,0.004373120004463054
2019-07-31,0.020404227089488653,-0.009321621410323338,-0.006103911957183442,-0.007669717325130626,-0.025387196638534875,-0.014082378744442436,0.003547051432641797,-0.014261051838918789,-0.005524812876535615,-0.023222054442508605
2019-08-01,-0.021639132349013438,-0.01147815249013041,-0.10793155975412075,-0.03948854754604976,-0.01179556372712916,0.0005374908982765372,-0.026379289298221982,-0.007722803032463442,-0.04374998509883907,0.0009638387954643875
2019-08-02,-0.021158127708521175,-0.0032404710086107653,0.003808439270765292,-0.010826596639204194,-0.0031498446231803825,0.005986753229566379,-8.856150180851909e-05,-0.019249683688692194,-0.013314040994281278,0.0032096411304225175
2019-08-05,-0.052347846833232924,-0.013139094228322752,-0.03487522883730831,-0.03594143297202886,-0.0384167858349819,-0.00694288251513073,-0.02975294962606644,-0.03856739170534441,-0.00895480566241107,-0.01995603052294777
2019-08-06,0.01893040101083363,0.007480586697323172,0.02358629532793593,0.016416073792795804,0.016776223206897648,0.004686544200898318,0.00784886933236148,0.01529741289085167,0.024507930500078996,0.013139644384160348
2019-08-07,0.01035529586869448,0.0017710797100206482,0.0001477420484688582,-0.01675472619398585,0.0076543758450699564,-0.004282308941636097,-0.021733238424761825,0.0034686434811244116,0.0028996677890305027,-0.0073707178993561535
2019-08-08,0.022055865844697504,0.011423962753031732,0.017722708519603354,0.024562457616101138,0.013335534747583151,0.011289347101750138,0.016939756102315105,0.027059194873244496,0.00951693645581224,0.004747405897477157
2019-08-09,-0.011994235218333529,-0.017413012646410864,-0.022493150041872544,-0.01033855010634169,-0.008329168918331542,0.00273390515169564,-0.001092324284683501,-0.01214765205147097,-0.016587104284350982,0.00407886998441708
2019-08-12,-0.0025374881918809942,-0.014026601974548986,-0.005938264879074778,-0.027403559490677586,-0.014614462451279784,-0.0008330855494152396,-0.018771620181285375,-0.013202080946228469,-0.004611149932362148,-0.021839712938628037
2019-08-13,0.04234839222912966,-0.010062540913354437,0.06466550015319177,0.009184370904500144,0.0030685357252642795,0.011293910224233544,0.015416010661313621,0.016615428128525154,0.02694135215604107,0.024753307351982057
2019-08-14,-0.029765043711388443,-0.004556564488576499,-0.06059755420599665,-0.05275338403591311,-0.02736234884732154,-0.023684632779772393,-0.04152179841037296,-0.046378298625154336,-0.02789646882376995,-0.024155381762998106
2019-08-15,-0.004981477222372072,-0.007816905706701145,-0.0453934726013945,-0.0014655618435355418,-0.0020967837295928194,0.002149537779092881,0.003816735542334184,0.016025761039611633,0.008181684869202793,0.004317446813049402
2019-08-16,0.02359469801341524,0.013627639841457618,0.024245315882351466,0.03522504661059916,0.016284368678630562,0.006281655939887802,0.0239544139312168,0.006079197286895492,0.019985484189336145,0.005895608767272262
2019-08-19,0.01864409735358656,-0.005391809296439566,0.0119120149558496,0.013074953092984568,0.002584385058848474,0.006775269378145107,0.009004838560257059,0.013445842469986825,0.028143958821382202,-0.0039887489022789125
2019-08-20,4.751369881595863e-05,-0.003942534392167012,-0.003320271862515229,-0.013839207330672754,-0.008764363869551903,-0.012476324359050094,-0.012696704865348104,-0.012676589319240967,-0.01212754711886822,-0.018593449090449368
2019-08-21,0.01083855662997502,0.0129347037483581,0.027559050114978115,-0.0026805136211523104,0.005721186106301221,0.007120923677783928,0.0027956673057792578,-0.0014144742412776441,0.20425583385991886,0.0007911493941912658
2019-08-22,-0.0008464666868787258,-0.0083036945201238,0.013852084187321085,0.010434780196238884,-0.0008619072316364342,-0.0019766936003109067,0.010315032097906946,-0.00822669430955664,0.032233006745866204,-0.030830053979353688
2019-08-23,-0.04622049804151589,-0.009991543890600535,-0.037645404831402586,-0.030668112801631026,-0.03036574101680244,-0.0269673253623105,-0.024834478912078666,-0.02356621316388287,-0.026617775011077763,-0.00978792287885541
2019-08-26,0.018999240599643908,-0.001990041118479023,0.02174901769095409,0.012429385767244602,0.0014234522290287191,0.0005480285992681683,0.00801741303932794,0.014683547737561533,0.012368333227543582,0.0018208539073837958
2019-08-27,-0.011283847978452513,-0.011394323213147638,0.0025129070969833046,-0.016900531770734754,-0.0024875513980987785,0.014397467088834447,-0.01057363950380024,0.005211812143630585,-0.0006681272985308554,-0.03526921018994974
2019-08-28,0.00671039916052745,0.006627273594624053,0.017399001923997865,0.011352591058574783,0.009618826530071421,-0.007405173699374783,0.01002463787973537,0.002537183934557386,0.016236911434458837,0.01982691236240532
2019-08-29,0.01693181408168044,0.012594779144487972,-0.07985504813816237,0.024695331950842035,0.021171502407876207,-0.0034192353719335973,0.02265915823778136,0.02096177889815858,0.014379687569127943,0.014383061033141136
2019-08-30,-0.0012917516901951053,0.003462936347449205,0.0025200794327018385,0.007042205594626518,-0.000345550404191158,0.0009357073615681999,0.005859726995929779,0.0005388308497065662,-0.008246079747354152,0.014656165789505722
2019-09-03,-0.014563612460101382,-0.0030284380444721842,-0.006912842590072102,-0.014452219537344494,-0.009851359986370996,0.002960461833948095,-0.011833270021257579,-0.01766574466334798,-0.003082976721152261,-0.01444446531116453
2019-09-04,0.016966482960338647,0.012079731162466224,0.011390622229576826,0.013560401059309342,-0.0010473271484056376,0.0009320732644668995,0.012067107751003994,0.026043094555049308,0.006091289770927266,-0.016867572075317097
2019-09-05,0.01955158607083159,0.02903600390357451,0.028625087162818773,0.032047255720503036,0.016774403147848484,-0.002172891339210363,0.0227541634431949,0.020091880512445485,0.010991060902266859,0.01261412545426243
2019-09-06,-9.379347606635169e-05,0.0001356865865477565,0.008971963484252483,-0.005577255616702141,-0.003608851854763019,-0.0028775479228383295,0.002135782307585921,-0.0178626951930097,0.01206926061861076,-0.0025697824265057245
2019-09-09,0.004267109094763694,0.010172940190202439,0.04325550584151764,0.04274669762988012,0.0022421709062024624,-0.009827702204532506,0.02477578279376082,0.006773635801713063,-0.017296327285125236,0.007336212557996725
2019-09-10,0.01181304011265442,-0.011748909270592989,-0.0028894044222712184,0.0027620648186873695,0.009120612179144642,0.020480552705926046,0.012738311969376113,-0.013721108355917166,0.008151967648821963,0.0077163780761330784
2019-09-11,0.031795106076047075,0.027241914733428844,-0.017096499023001928,-0.0011597829394226324,0.0023874384567805986,0.012504786406992823,0.002738082376177384,0.012461767991818922,0.0012864043672972596,0.007528176673220432
2019-09-12,-0.0022362360042459005,0.003438853188174535,0.0002948743151650869,0.005805537257189542,0.01122830658588871,-0.005641575844279152,0.006143879219245839,-0.005411450171016786,-0.00027529392457394553,-0.017548356144204903
2019-09-13,-0.019454015908975567,-0.005601996102688143,-0.00471558638293624,0.015728662191782934,0.009589497106214484,0.00268347867185471,0.019676020886849954,-0.001493565783718326,-0.008720438372926253,0.015254213010567622
2019-09-16,0.005257114955357143,-0.0013256375964899932,0.020284316375646802,-0.0079556409070818,-0.01566403354441834,-0.00948161419741779,-0.008899606295839902,-0.005181907196174926,-0.009537909062617344,0.0035100897362582884
2019-09-17,0.003638031259493375,0.005574805133466816,-0.007110803470084494,-0.005012150435966951,0.005078707272904102,0.0010035887721974812,-0.004951359089902129,0.009988189228648634,0.002991769797711909,-0.008147372192097635
2019-09-18,0.009379281163760963,0.004619831893506707,-0.01856177546118141,0.008779403446821486,-0.0010105703162060899,0.005706836613045364,0.010036286113427354,0.0003190002020929561,-0.0028896118765949688,-0.008214362751650744
2019-09-19,-0.008124960829017248,-0.005189912879953568,0.006552417006902812,-0.00513615351357094,-0.010453595215413974,-0.002300460419701517,-0.0031730534070985856,0.010630381665186936,0.008413588067761177,0.009713392685640164
2019-09-20,-0.014618079689465421,-0.007594228040059185,-0.012131968327456928,-0.005449661042856013,-0.0010222790935020736,0.011836086994916903,-0.004020738302750461,-0.0011044846667787496,-0.011124543868380889,0.00017175557261971087
2019-09-23,0.004546941223490981,-0.001264322883614672,0.009585248632919154,0.002883988205296835,-0.010404240137107881,0.0006837189582436524,-0.00016824450970745797,-0.016374377252103518,0.01978063791666816,-0.017690734372386396
2019-09-24,-0.004754976861363661,-0.004730438219744867,0.004450310133003394,-0.023723960510124004,-0.0003447166081674101,-0.001442253176588103,-0.013038319802944955,-0.02965425718727978,-0.012226529196356407,-0.016479451860178882
2019-09-25,0.015389591217531962,-0.005891048694923107,-0.0041352648513192005,0.021796696528423313,0.0053448512636382,-0.004256917868511347,0.0057103738045623945,0.008384842689189879,-0.006049268636065871,-0.012577785915798612
2019-09-26,-0.00515766817148993,0.006599297828545876,-0.006970209381224765,-0.0038915631847060215,0.008060322327845844,-0.016337119626734554,-0.008220349327992585,-0.014715549214977888,-0.004775300764582466,-0.03011208757502421
2019-09-27,-0.004866033327571416,-0.0030772776841428533,0.019563882564292406,0.005064367979019662,-0.00850629483469991,-0.0019402404979255864,0.005895945044889759,-0.016711978772060158,-0.001599380632994974,-0.0010209821100112826
2019-09-30,0.023535297157968697,0.0042947213212951845,0.010546378440114502,-0.005470735076685521,-0.011667816050424173,0.00606530903792509,-0.0002548316257713323,0.005533572522669769,0.007444410997744612,0.00956988232812295
2019-10-01,0.0027682060713860885,0.0024722377932239396,-0.014204895751326187,-0.013462656058554165,-0.010243058475999262,0.004714798170738036,-0.018183357509180684,-0.01274710382479949,-0.009073063207151578,-0.0005061688139346189
2019-10-02,-0.025067855718530062,-0.005465520709867798,-0.04396420231210695,-0.02773293246267558,-0.04665847966544147,0.015462684990359812,-0.01990482900054604,-0.006882381388321562,-0.007362646416100283,-0.002117797061132449
2019-10-03,0.008494704755751018,-0.016151756274168143,0.009843233652507697,0.00664042858174212,-0.027966820344809337,-0.006136345140861742,-0.009359801841887417,0.027376853449036783,0.013883596744288764,-0.006412915292495674
2019-10-04,0.028031822195933292,0.005517694426124543,0.018732800166577815,0.0221889568912881,0.018550056942459956,0.018827663501312215,0.021659686712681047,0.00596494612723812,0.023260135656098215,0.020616653179898047
2019-10-07,0.00022026806293899435,0.007519819834440951,-0.0010464896914777302,-0.000439993827553528,-0.008362771816668533,-0.003740834851867826,-0.0021811201710816132,-0.00426713375163866,-0.010540802401126438,0.006551421389503633
2019-10-08,-0.011714981461773999,-0.006320618838694532,-0.023047005725242917,-0.025678649461738673,-0.002998497855734099,-0.009912941483301848,-0.02229608280597877,-0.010741277573757327,0.005280219647412416,-0.005107597427027795
2019-10-09,0.01172016468068943,0.005413473124685722,0.0064337956004759025,0.015512029452219826,0.013533785633090233,-0.019872536331636086,0.007243762840318109,0.011814380329201828,0.016955437008877923,0.008950075940395402
2019-10-10,0.013478384244579375,0.005047785642463511,0.01567741942975789,0.0176479673145561,-0.015207709990177436,-0.0012382267497126431,0.014028250640010908,0.001000793270352475,0.0019028550499387976,0.0074297274985596976
2019-10-11,0.02659833314521521,0.004620655145955788,0.041960067158790984,0.021567992834462268,-0.002824815734312003,0.01758875186271677,0.016898698193214268,0.023107280399469556,0.011395515417455947,-0.007419605931347111
2019-10-14,-0.0014394462004802375,-0.0006666184553227815,-0.011649612725650347,0.00199713826955533,0.0007554469301413311,-0.004644792521485521,0.002669171346847623,-0.00494057033523772,-0.0060806607711862545,-0.006664614479736257
2019-10-15,-0.0023317412318404427,0.00953847353278935,-0.011350389485468846,0.013952212225779251,0.012266421788882034,0.016217832752374088,0.030141710847708635,0.030608907942579398,0.006657650504820178,0.08159934855988821
2019-10-16,-0.004037107672372048,-0.0015857646744983351,0.006917886426460905,-0.024150536242944255,-0.008762140679550919,0.017539911888646214,-0.0023341012123525217,0.0034941164923607097,0.0026812320439208747,-0.006706026527871097
2019-10-17,0.0038827652048819793,0.008669165199540146,0.02148799170614264,0.001438826965771133,0.0037615341325376683,0.007398091392663386,0.005598246718222453,0.004431529012749521,0.009269996371294381,0.028186811768203167
2019-10-18,0.004802808945406766,-0.002755531911762512,0.00915854915287842,0.0020114855275534605,0.008619128880947062,-0.062201669491061054,0.0017449030921077447,-0.02384575503275963,-0.0037093154277834336,0.006853523952454097
2019-10-21,0.01734271300374625,0.00624997992264597,0.013471421197665699,0.029681671325367212,0.013932750780018046,0.0025059305549431725,0.024800975063979082,0.02103840879694407,0.0077121067760873765,-0.0057878788218030395
2019-10-22,-0.0022867564988161763,0.0005230587293294283,0.013012456825121513,0.003481409392835742,0.0012825154356149295,0.00921725227621387,0.010036404962694083,-0.03910201509137382,-0.004310326024402921,0.02279434896823323
2019-10-23,0.013418844273302736,-0.0020910414165995444,-0.004558036244470665,0.0054121482495377475,-0.015370542161652416,0.005417933163904082,0.0026444573173620843,0.02089501829063065,-0.016167521791529277,-0.006733977491389714
2019-10-24,0.001644909808870453,0.010935748120778941,0.0006938122931808965,-0.002070309217425222,-0.00037168662429358805,-0.018475704459208053,-0.0007193411549666461,0.0012356217774362709,-0.009967677840048265,-0.013276870477821154
2019-10-25,0.01231628203238449,0.07643468985459574,0.014281735164599525,0.01203312697739019,0.015058515426794337,0.006666714537377451,0.00799808053877695,0.008101697968005502,-0.01115649303341128,0.0016359623911498397
2019-10-28,0.010017037887749942,0.02750034616462451,0.016678075123095038,0.005740032519552084,0.010439555142009446,0.0064665877117000845,0.0038086436688313653,0.008036587959663003,0.006420882399478945,0.00873790109693066
2019-10-29,-0.02312792489477685,-0.017745234432192534,-0.006319768768930505,-0.0067944017513499435,0.003806469206811223,-0.00046444931100385784,-0.0006323755410938866,-0.00047516547408027926,-0.01430914762447136,0.021210241528623677
2019-10-30,-0.0001233046164031642,-0.0008347208957160213,-0.01623822128361515,-0.0016417447420953456,-0.0010834483953370872,0.028810419465450755,-0.005536636451416121,-0.005599268777475251,-0.0020342230013790756,0.009948907338462256
2019-10-31,0.02260955407464437,-0.0014918247837951261,-0.011966920958839677,-0.015211738958236881,-0.004338356201979257,-0.006022305584252892,-0.006442417612037805,0.018061056555029882,-0.009450538684168727,-0.008241782097188784
2019-11-01,0.02838082076412332,0.002629549014470818,0.015174666714534045,0.027553516709180777,0.017066060193538395,-0.006361681161785121,0.02305479446867667,0.010279161405907369,0.008511794982169297,-0.0019390195500293551
2019-11-04,0.0065670886861170195,0.0006556631552140864,0.0259188074205594,0.017741132894884215,0.015351670891183956,-0.007393302159037291,0.00798125389752804,0.00568126294420084,0.008810952985819671,-0.003806378368469405
2019-11-05,-0.0014368742415048544,-0.004229251210486936,0.0004009996026718077,-0.00425814621858687,0.011075900871793781,0.0014589760242622136,0.002173565932131677,-0.002054200359371437,0.011859896619842136,-0.003781082381063433
2019-11-06,0.00042774219061920076,0.005922148136674282,0.0028060759506058864,-0.005479134733085389,0.0012172406810047373,0.004140534829806937,0.0015491629650414185,-0.014254858831078803,0.0040887205853075296,0.0008789501319248185
2019-11-07,0.008513460288234763,-0.00023791950553394235,0.012791459632727773,0.01867776704983137,0.0013893368151002116,0.0035887747237286624,0.005413742704723557,-0.005899268414562055,0.0007238639047490373,0.023710630214411808
2019-11-08,0.00273685384381747,0.0011896991008822724,0.011051128986749988,0.004089238859936348,-0.001387409236370512,0.011945578724117643,0.0029231144831730767,0.0022056410722821234,-0.0039786131348389115,0.0019886523536531194
2019-11-11,0.00791880311599776,0.010278015994894397,-0.007807397345923704,-0.00683137485152399,-0.0064258898022903025,-0.0076692050560972745,-0.003528199851508277,-0.006445167423716047,0.002723517187539935,-0.011207552901628226
2019-11-12,-0.0009154109106738192,-0.010820325227107398,-0.013901607325819671,-0.007010566005213621,0.00017483195928215677,-0.004773372059535408,-0.005849711495898084,0.02563156265337956,-0.01901311482249448,0.004565325982242898
2019-11-13,0.009581653105433949,0.02300692564486093,-0.002261015997071222,-0.015452191786738756,-0.012583033997605315,-0.0006090736759588641,-0.005264849142844991,-0.006581985762648349,0.00212278135830827,-0.006581753871816846
2019-11-14,-0.006919448571932667,-0.011622501038578365,0.007731296414397976,-0.0009471968711948513,0.0008849422488592367,-0.002361526232225348,0.0009340782998706067,-0.00020709428239698598,0.023300780407366658,0.008912704348137955
2019-11-15,0.011879359363286044,0.0012935161002741431,0.0197089668497755,0.007584035966438928,0.005305026367956866,0.030390924889267174,0.007231668986334722,0.010095844000266072,0.018900175165019732,0.0530430049966972
2019-11-18,0.005042129322136818,-0.0014093099757086893,0.0025944297202984065,0.0,0.004045793546297006,-0.0008151816241394174,0.008415010794123793,0.01178876330607816,-0.011041427525030728,0.01310318804481213
2019-11-19,-0.0030325628606681213,0.006762373114095834,-0.024970892512799152,0.005645136563595668,-0.00017523013156294317,-7.412672773275538e-05,-0.00030618042893763685,0.009726512092706655,-0.00991426062369006,0.004763193292908602
2019-11-20,-0.011641466085997247,-0.01355065260931878,-0.016056250990879754,-0.012162470414682373,-0.024531304246806836,0.008307336124779357,-0.007275210100481543,-0.009080938946779195,0.14055031164201573,0.004849894318575993
2019-11-21,-0.004483425148506356,-0.009473658057302901,-0.0261632151245361,-0.0001353285852371894,-0.006466621295042826,0.003678093210388997,0.0023141848466328727,0.0021264653973284177,0.009649618110877918,0.0035926485816015195
2019-11-22,-0.0008778709887224386,0.011536900065918627,0.005954858200077784,0.013125861984771977,0.014463916420129822,0.01194667878661539,0.006618953735320769,0.004496613355083514,-0.004935408345332272,0.0010486659111298953
2019-11-25,0.017533793106021014,0.0011818753504282506,0.0221641055049485,0.010818719498854674,0.00427727430331296,-0.006446111401642428,0.005352184746273473,0.0048787140437646795,-0.014407134703384906,0.021059157516849763
2019-11-26,-0.007808636897525002,0.0013575476922724978,0.09858585447574705,-0.002906992862261908,0.019698325473093557,-7.28568841635607e-05,0.0013688696346628984,-0.004104269948371844,0.013579334731923595,-0.004492940428485475
2019-11-27,0.013432167990434462,0.014736222162939948,-0.01017533203579689,0.0034455624090243223,-0.006787319802687337,0.00422834321496694,0.002961945736097229,0.015228420167399583,-0.007802016459386115,-0.002594102645995544
2019-11-29,-0.0022027940037242294,-0.014057497849233054,-0.0012385246069713618,-0.007923909990073323,0.004205391269496766,-0.0018874374361955535,-0.002271717835105245,-0.0017821812393641707,-0.00706909752868825,-0.002850387545062273
2019-12-02,-0.011562193967785314,-0.0012372088632772729,-0.017857173267676135,-0.00798730140545589,-0.009771442328947508,-0.0009455587869546182,-0.002200920599748258,-0.009621119060099758,-0.008239330947090354,-0.0007503178573687299
2019-12-03,-0.01783007037319222,-0.004129288170127213,-0.01376258055417535,-0.015968798518758924,-0.019911913094541576,-0.0014560057320436234,-0.012854662095645576,-0.0044065580243925154,0.00048392931899686573,-0.009869161587223953
2019-12-04,0.008826278356527632,-0.0017770586348906903,0.013698626122945088,0.012273305651245226,0.007910867491117728,0.016185485283100813,0.01972567100225719,-0.0005532673086174011,0.0038696849725593364,0.008739665876045728
2019-12-05,0.014671034160473917,0.006052628695776497,0.014397567381341863,0.006466330403233474,-0.0032108508877336525,0.0012913808973717836,0.005440541337667995,0.003271067759664136,0.0012849635915749473,0.009594703585520342
2019-12-06,0.01931623293239606,0.009732270972128183,0.02153888649784288,0.014723577668329966,0.00465279736155117,0.005875661640610684,0.014880473199070666,0.008477139026044416,0.002807174151944275,-0.006418431058843085
2019-12-09,-0.014000140914535334,0.0034464415531074307,0.006337557875998958,-0.006331562366402564,-0.006056290635631583,0.0008547878117518977,-0.004665207755813261,0.0014423938409896832,0.011357259720140405,-0.009457846009471896
2019-12-10,0.005844438334018374,0.002386795115979411,0.003754360660524282,0.005973674994080206,-0.00483871794722797,-0.00362985414118105,0.0006695657721791675,-0.0023343658947642208,-0.005377622155689851,0.007134036203034582
2019-12-11,0.008529417214082144,-0.004820267258763325,0.011462410824314314,-0.003035045279017574,-0.00810367293596914,0.007071863672605848,-0.0023792366112918217,0.006919895571449146,0.00023858161320115196,0.0035060497454448268
2019-12-12,0.0025482973350174714,0.0020425192709440368,0.018131893234712135,0.019854400256905082,0.029230151454834624,0.0025535581022949334,0.0286183619487765,-0.027242137132806616,0.01367244475026712,0.011087291805926916
2019-12-13,0.013593172318422034,0.014093518573893777,-0.0065611900246670355,-0.008565913510295672,0.0007056079819430032,0.00028306598244299977,-0.008766893757505988,-0.013418040099864994,-0.002352536310073631,0.006593652308988854
2019-12-16,0.017117904995666094,0.005857629271637107,0.01179384348628864,0.006807229697810457,0.029790210476747056,0.002899903728678924,0.003873976966265818,0.019628033314171085,-0.009904119825031274,0.02294377028478689
2019-12-17,0.001965333878853518,0.01775621306723886,0.00664412738945493,0.010791758706794377,0.004621712876177352,0.012483280599986074,0.006116181449604998,0.0023747030368398148,0.019212494569144235,-0.005341908588551295
2019-12-18,-0.00238940629429802,-0.011668360233091578,0.007526650315944922,0.002315414331387187,-0.0018742000038868445,-0.002577285619111878,-0.001013166862563998,0.020716773138747303,-0.0023368362700380055,0.008365726806793063
2019-12-19,0.0010009251057107823,0.01208993626610193,0.018733446884254785,0.003593413576445223,0.009559534672067587,0.015084877612131158,-0.004998458535034586,0.017580234857253088,0.004840686354809014,0.0058723156590812405
2019-12-20,-0.002071232751306577,0.006505544714217108,-0.010266200800776573,0.003964260870668099,-0.0028745040699995022,0.004884701928202755,-0.0008008780885576307,0.0011647359798488605,0.003496479867230748,-0.006890227455503916
2019-12-23,0.016318342108338275,0.0032874370862965414,-0.001025920025546687,0.003184307644855241,0.00797011016239988,0.002601704020021337,-0.00029152246663140675,-0.0005817274561380086,-0.0062717583962332586,0.008544379614103191
2019-12-24,0.0009506655410981514,0.0004998130573746069,0.0033090017976608647,-0.002158529630887849,-0.0008411715715969084,-0.0034827216410971158,0.0027697149509110734,-0.005141127152238287,0.0016363309946985395,-0.001863796807056077
2019-12-26,0.019840344976290288,-0.006772141337979437,-0.0009098354461165445,0.01577815944707225,0.0028624681830222267,-0.0006851973531494402,0.010611945309253327,0.013016762053937796,0.00264485670804483,0.0037685384645910003
2019-12-27,-0.0003794828317440494,-0.008718479977923235,-0.009561711468191677,-0.002004304878358802,-0.008059092195581753,-0.0005485965168358861,0.0007192614236525509,0.0014919525838567014,0.0024827940548849967,0.001082385695332684
2019-12-30,0.005935132136485399,-0.011557692109166113,0.0064360136173421635,-0.002008234421890684,-0.007109038094541987,-0.0030874576208726415,-0.0036653335422817276,-0.017731870894663618,-0.0024766450552657225,-0.007162871603350881
2019-12-31,0.0073065483091542165,-0.0073010151985609464,0.002626508595810672,0.004779238375152988,-0.0030685357252642795,0.003922863409897168,0.005554273869663112,0.00410937000558516,-0.005275759787425853,0.00044241919384783914
